LigandID,QSAR,ECFP,APF,Predicted pIC50,Similarity
CHEMBL116438,5.2863512703556585,4.589342092846812,4.929864048485154,5.329353864805604,0.3787878787878788
