LigandID,QSAR,ECFP,APF,Predicted pIC50,Predicted IC50 (nM),Similarity
dipterocarpol,5.1889064427676095,5.117493186411204,4.226902109562052,5.312570682575727,4868.882763621658,0.16030534351145037
