LigandID,QSAR,ECFP,APF,Predicted pIC50,Predicted IC50 (nM),Similarity
Ciproflixacin,4.03112002965333,4.056687156453309,4.383932557002196,4.007905630920911,98196.12929924035,0.6363636363636364
